Identified name,Correct name
ReddIIT,Redd|IT
Redd|IT,Redd|IT
Unity,Unity
Discord,Discord
GERMANY,GERMANY
GREECE™,GREECE™
NORTH,NORTH
German-Legends,German-Legends
Gcerman-Legends,German-Legends
R-I-z,RATz
FrenchPower1,French Power 1
ESPANAMS3////,ESPANA M93////
ESPANA M93////,ESPANA M93////
ESPANAM93////,ESPANA M93////
(SB) Zig-Zag,(SB) Zig-Zag
HISPANIA~,HISPANIA~
SisuFinland,SisuFinland
The New Order,The New Order
Schildkrétis,Schildkrotis
Schildkrotis,Schildkrotis
TRIGLAV,TRIGLAV
Need ARest,Need A Rest
Nothing2C Here,Nothing2C Here
SharksUnited,SharksUnited
NEMESIS|US,NEMESIS|US
colpoGrosso,ColpoGrosso
ColpoGrosso,ColpoGrosso
InFusion®,InFusion®
Pink Unicorns,Pink Unicorns
V-Power™,V-Power™
Old dogs,Old dogs
TEAM CATS,TEAM CATS
SwedenHCR,Sweden HCR
RRaza Latina,RRaza Latina
ENIGMA,ENIGMA
AUSNZ,AUSNZ
FAXION,FAXION
DGCØ®®®®®®,REDMACHINE
@@@®®®®®®®,REDMACHINE
Reddit™,Reddit™
GEIKj;ÜHII-E,GEN CHILE
Baltics,Baltics
SPARTA™,SPARTA™
GlobalThunder,GlobalThunder
INDO FIGHTER,INDO FIGHTER
2ij&AtUIc)ç]erj)CzIG)cd,S&E Upgraded
INDONESIA,INDONESIA
Anarchy,Anarchy
V for Vendetta,V for Vendetta
PH1,PH1
Napue GT,Napue GT
UNIVERSE ™?,UNIVERSE ™2
STORMO ITALIA,STORMO ITALIA
UKRAINE!,UKRAINE!
5 Brigada,SLV 5 Brigada
A-FUSIONS™,A-FUSIONS™
TEAM CHINA,TEAM CHINA
MAGA,MAGA
NL|UNITED,NL|UNITED
PT| Forever,PT| Forever
PT|Forever,PT| Forever
ESPANA M93///7,ESPANA M93///2
HISPANIA~2,HISPANIA~2
I.N.IJ.I-A,I.N.D.I.A
I.N.D.I.A,I.N.D.I.A
RedlineReaper,RedlineReaper
USSR Legends,USSR Legends
MANORACE,MANORACE PRO
Racing Legend,Racing Legend
808686002.00,RUSSIA&RM
03@0000&000,RUSSIA&RM
NordenEIite,Norden Elite
Norden EIite,Norden Elite
Norden Elite,Norden Elite
TeamRocket,Team Rocket
Team Rocket,Team Rocket
Wataha,Wataha
MadSkills,MadSkills
French Power ?,French Power
BESCHDESCHDE,BESCHDESCHDE
ykos 1,Lykos 1
Elite Squad,Elite Squad
DzMuscle,Oz Muscle
OzMuscle,Oz Muscle
Oz Muscle,Oz Muscle
SSianKimgs,Russian Kings
Russian Kings,Russian Kings
RussianKings,Russian Kings
SBZig-zagGTs,SB Zig-Zag GTS
SBZig-ZagGTS,SB Zig-Zag GTS
FWIKGB,FW|KGB
FW|KGB,FW|KGB
UMIVERgETMBR,UNIVERSE ™3
KAZAKHSTAN,KAZAKHSTAN LKZ
HE VETIA,HELVETIA
ROMANIA,ROMANIA
TeamChina,Team China
sisuFiniand,SisuFinland
RUSb,RUSb
Québec,Quebec
Sweden HCR2,Sweden HCR2
Kickin Asphalt,Kickin Asphalt
EliteRacers™,EliteRacers™
Fat Fingers,Fat Fingers
Czech ESSA,Czech ESSA
HCR Finland,HCR Finland
Brazukas,Brazukas
Bulgarian PRO,Bulgarian PRO
MF®awe™,MF®&WB™
Slerba,Slerba
JunkyardNation,JunkyardNation
Elite chetah,Elite chetah
--RTZ--,RATz
ESPANAM93///,ESPANAM93///2
R 12,RATz
(F1) Formel,(F1) Formel 1
Team Poland,Team Poland
Lil'Rage SLO,Lil'Rage SLO
WANDRACI,WANDRACI
French Power :,French Power
I-IUmLamd,HunLand
UmitcngIite,United EIite
Ünity,Unity
-RTZ-,RATz
RATZ,RATz
Redd |IT,Redd|IT
FrenchPowerJ,French Power 1
[SB] Zig-Zag,(SB) Zig-Zag
TheNewDrder,The New Order
ColpoGrosso,Colpo Grosso
colpo Grosso,Colpo Grosso
NEMEsis|US,NEMESIS|US
Sweden HCR,Sweden HCR
V-Power,V-Power™
